Name,SSN,Gender,Birthday,Age,Address
Kenny Mayert,671-66-2870,female,17-10-1969,56,"450 Runside, Philadelphia, Delaware 28884"
Connor Steuber,232-86-2607,female,06-08-1957,68,"25973 North Pineville, Colorado Springs, Vermont 79983"
Garrett Mueller,439-78-2257,male,19-09-1979,46,"609 North Rapidbury, Louisville/Jefferson, Kentucky 88645"
Toby Cronin,002-14-2528,female,08-04-1994,31,"28014 Canyonberg, Baton Rouge, Iowa 51396"
Deondre Quigley,233-25-9540,male,13-07-1995,30,"3027 Groveberg, Oklahoma, Idaho 33047"
Hilario Feeney,739-57-3991,male,28-07-1987,38,"605 Unionland, Jacksonville, South Carolina 49732"
Octavia Gerlach,443-17-7731,female,09-02-1981,44,"5415 Lodgeland, Nashville-Davidson, Oklahoma 59253"
Gerhard Wintheiser,893-67-0908,female,04-05-1955,70,"36385 Lake Bypassfurt, Oakland, Texas 51415"
Jerad Vandervort,663-51-5055,female,24-03-1972,53,"9155 East Trafficwayton, Fort Worth, Vermont 95897"
Devonte Greenfelder,074-07-0271,male,17-04-2002,23,"947 Commonborough, St. Petersburg, New Hampshire 15729"
Erin Leuschke,100-72-0686,male,20-07-1994,31,"31199 West Lighthaven, Jersey, West Virginia 15147"
Ellis Johns,747-39-7588,male,03-03-1948,77,"54655 West Inletfort, Lincoln, Oregon 64695"
Marcos Hansen,211-53-8485,male,03-05-2004,21,"89891 Cliffburgh, Madison, Indiana 66290"
Rosella Jacobs,187-34-6534,female,20-09-1953,72,"7533 New Ridgestad, Portland, Utah 64078"
Kristin Heaney,813-28-1236,female,26-06-2002,23,"304 Port Havenhaven, Chula Vista, Colorado 29062"
Conrad Brown,214-29-8208,female,01-06-1975,50,"23338 South Lodgeside, Chesapeake, Hawaii 78683"
Thurman Harber,326-86-9125,male,22-11-1973,52,"2545 New Havenmouth, Indianapolis, North Carolina 57235"
Jarrod Reichert,744-29-6570,female,09-08-1996,29,"2045 South Flatshire, Fresno, Washington 28817"
Brenda Dietrich,052-74-0425,male,27-12-1967,58,"3076 Port Roadtown, Honolulu, South Dakota 49271"
Karolann Mitchell,866-11-3637,male,17-09-1962,63,"667 Hillfurt, San Jose, South Carolina 64693"
